"eligibleTitle","oscarsYear","isAdult","startYear","runtimeMinutes","winner","id"
"7th Heaven","1928","0","1927","110","1","m0001"
"Metropolis","1928","0","1927","153","0","m0002"
"Speedy","1928","0","1928","85","0","m0003"
"Stark Love","1928","0","1927","70","0","m0004"
"Sunrise","1928","0","1927","94","0","m0005"
"The Big Parade","1928","","","","0","m0006"
"The Cat and the Canary","1928","0","1927","108","0","m0007"
"The Circus","1928","0","1928","72","0","m0008"
"The Cossacks","1928","0","1928","92","0","m0009"
"The Crowd","1928","0","1928","98","0","m0010"
"The Jazz Singer","1928","0","1927","88","0","m0011"
"The Racket","1928","0","1928","84","1","m0012"
"The Student Prince in Old Heidelberg","1928","0","1927","106","0","m0013"
"Two Arabian Nights","1928","","","","0","m0014"
"Underworld","1928","0","1927","80","0","m0015"
"Wings","1928","0","1927","144","2","m0016"
"Docks of New York","1929","0","1928","76","0","m0019"
"Lights of New York","1929","0","1928","57","0","m0020"
"Our Dancing Daughters","1929","0","1928","85","0","m0022"
"Show Boat","1929","0","1929","147","0","m0023"
"The Broadway Melody","1929","0","1929","100","2","m0024"
"The Cameraman","1929","0","1928","69","0","m0025"
"The Iron Mask","1929","0","1929","95","0","m0026"
"The Letter","1929","0","1929","65","0","m0027"
"The Man Who Laughs","1929","0","1928","110","0","m0028"
"The Wind","1929","0","1928","95","0","m0031"
"West of Zanzibar","1929","0","1928","65","0","m0032"
"White Shadows in the South Seas","1929","0","1928","88","0","m0033"
"Wild Orchids","1929","0","1929","100","0","m0034"
"All Quiet on the Western Front","1930","0","1930","136","2","m0035"
"Anna Christie","1930","0","1930","89","0","m0036"
"Bulldog Drummond","1930","0","1929","90","0","m0037"
"City Girl","1930","0","1930","77","0","m0038"
"Disraeli","1930","0","1929","90","1","m0039"
"Hallelujah","1930","0","1929","109","0","m0041"
"Hell’s Angels","1930","0","1930","127","0","m0042"
"Holiday","1930","0","1930","91","0","m0043"
"King of Jazz","1930","0","1930","99","0","m0044"
"Marianne","1930","0","1929","111","0","m0045"
"Sunny Side Up","1930","0","1929","121","0","m0046"
"The Big House","1930","0","1930","87","1","m0047"
"The Cocoanuts","1930","0","1929","96","0","m0048"
"The Divorcee","1930","0","1930","84","1","m0049"
"The Kiss","1930","0","1929","62","0","m0050"
"The Love Parade","1930","0","1929","107","1","m0051"
"The Unholy Three","1930","0","1930","72","0","m0052"
"A Free Soul","1931","0","1931","93","0","m0053"
"Abraham Lincoln","1931","0","1930","96","0","m0054"
"Animal Crackers","1931","0","1930","97","0","m0055"
"Charlie Chan Carries On","1931","0","1931","76","0","m0056"
"Cimarron","1931","0","1931","123","2","m0057"
"City Lights","1931","0","1931","87","0","m0058"
"Dracula","1931","0","1931","75","0","m0059"
"Holiday","1931","0","1930","91","0","m0060"
"Illicit","1931","0","1931","79","0","m0061"
"Just Imagine","1931","0","1930","113","0","m0062"
"Little Caesar","1931","0","1931","79","0","m0063"
"Min and Bill","1931","0","1930","69","0","m0064"
"Monte Carlo","1931","0","1930","90","0","m0065"
"Morocco","1931","0","1930","92","0","m0066"
"Skippy","1931","0","1931","85","1","m0068"
"The Dawn Patrol","1931","0","1930","108","0","m0070"
"The Front Page","1931","0","1931","101","1","m0071"
"The Maltese Falcon","1931","0","1931","80","0","m0072"
"The Miracle Woman","1931","0","1931","90","0","m0073"
"The Public Enemy","1931","0","1931","83","0","m0074"
"Blonde Crazy","1932","0","1931","79","0","m0076"
"Charlie Chan’s Chance","1932","0","1932","73","0","m0077"
"Dr. Jekyll and Mr. Hyde","1932","0","1931","98","0","m0078"
"Five Star Final","1932","0","1931","89","1","m0079"
"Frankenstein","1932","0","1931","70","0","m0080"
"Freaks","1932","0","1932","64","0","m0081"
"Grand Hotel","1932","0","1932","112","2","m0082"
"Le Million","1932","0","1931","81","0","m0083"
"Mata Hari","1932","0","1931","89","0","m0084"
"Monkey Business","1932","0","1931","77","0","m0085"
"Murders in the Rue Morgue","1932","0","1932","61","0","m0086"
"One Hour with You","1932","0","1932","80","1","m0087"
"Private Lives","1932","0","1931","84","0","m0088"
"Red Headed Woman","1932","0","1932","79","0","m0089"
"Scarface","1932","0","1932","93","0","m0090"
"Shanghai Express","1932","0","1932","82","1","m0091"
"Smiling Lieutenant","1932","0","1931","93","1","m0092"
"Strange Interlude","1932","0","1932","109","0","m0093"
"Street Scene","1932","0","1931","80","0","m0094"
"The Champ","1932","0","1931","86","1","m0095"
"The Jewel Robbery","1932","0","1932","68","0","m0096"
"The Squaw Man","1932","0","1931","107","0","m0097"
"Three Wise Girls","1932","0","1932","68","0","m0098"
"Waterloo Bridge","1932","0","1931","81","0","m0099"
"What Price Hollywood","1932","0","1932","88","0","m0100"
"’Frisco Jenny","1933","0","1932","73","0","m0101"
"A Farewell to Arms","1933","0","1932","80","1","m0102"
"Animal Kingdom","1933","0","1932","85","0","m0103"
"Baby Face","1933","0","1933","71","0","m0104"
"Blonde Venus","1933","0","1932","93","0","m0105"
"Blondie Johnson","1933","0","1933","67","0","m0106"
"Bombshell","1933","0","1933","96","0","m0107"
"Call Her Savage","1933","0","1932","88","0","m0108"
"Cavalcade","1933","0","1933","112","2","m0109"
"Charlie Chan’s Greatest Case","1933","0","1933","70","0","m0110"
"Design for Living","1933","0","1933","91","0","m0111"
"Dinner at Eight","1933","0","1933","111","0","m0112"
"Doctor X","1933","0","1932","76","0","m0113"
"Downstairs","1933","0","1932","77","0","m0114"
"Duck Soup","1933","0","1933","68","0","m0115"
"Emperor Jones","1933","0","1933","72","0","m0116"
"Female","1933","0","1933","60","0","m0117"
"Footlight Parade","1933","0","1933","104","0","m0118"
"Gabriel over the White House","1933","0","1933","86","0","m0119"
"Gold Diggers of 1933","1933","0","1933","97","0","m0120"
"Heroes for Sale","1933","0","1933","76","0","m0122"
"Hold Your Man","1933","0","1933","87","0","m0123"
"Horse Feathers","1933","0","1932","68","0","m0124"
"I Am a Fugitive from a Chain Gang","1933","0","1932","92","1","m0125"
"Invisible Man","1933","0","1933","71","0","m0126"
"Island of Lost Souls","1933","0","1932","70","0","m0127"
"Jewel Robbery","1933","0","1932","68","0","m0128"
"King Kong","1933","0","1933","100","0","m0129"
"Kongo","1933","0","1932","86","0","m0130"
"Ladies They Talk About","1933","0","1933","69","0","m0131"
"Lady for a Day","1933","0","1933","96","1","m0132"
"Little Women","1933","0","1933","115","1","m0134"
"Love Me Tonight","1933","0","1932","104","0","m0135"
"Murders in the Zoo","1933","0","1933","62","0","m0136"
"Mystery of the Wax Museum","1933","0","1933","77","0","m0137"
"No Man of Her Own","1933","0","1932","85","0","m0138"
"One Way Passage","1933","0","1932","67","0","m0139"
"Red Dust","1933","0","1932","83","0","m0140"
"She Done Him Wrong","1933","0","1933","66","1","m0142"
"Smilin' Through","1933","0","1932","98","1","m0144"
"State Fair","1933","0","1933","99","1","m0145"
"Tess of the Storm Country","1933","0","1932","80","0","m0146"
"The Bitter Tea of General Yen","1933","0","1932","88","0","m0147"
"The Mask of Fu Manchu","1933","0","1932","68","0","m0149"
"The Mummy","1933","0","1932","73","0","m0150"
"The Old Dark House","1933","0","1932","72","0","m0151"
"The Power and the Glory","1933","0","1933","76","0","m0152"
"The Private Life of Henry VIII","1933","","","","1","m0153"
"The Silver Cord","1933","0","1933","74","0","m0154"
"Trouble in Paradise","1933","0","1932","83","0","m0156"
"Wild Boys of the Road","1933","0","1933","68","0","m0157"
"Bright Eyes","1934","0","1934","85","0","m0158"
"Charlie Chan in London","1934","0","1934","79","0","m0159"
"Charlie Chan’s Courage","1934","0","1934","70","0","m0160"
"Cleopatra","1934","0","1934","100","1","m0161"
"Dames","1934","0","1934","91","0","m0162"
"Father Brown, Detective","1934","0","1934","68","0","m0164"
"Flying Down to Rio","1934","0","1933","89","0","m0165"
"Heat Lightning","1934","0","1934","63","0","m0166"
"Imitation of Life","1934","0","1934","111","1","m0167"
"It Happened One Night","1934","0","1934","105","2","m0168"
"Little Miss Marker","1934","0","1934","80","0","m0169"
"Mandalay","1934","0","1934","65","0","m0170"
"Manhattan Melodrama","1934","0","1934","93","0","m0171"
"Of Human Bondage","1934","0","1934","83","0","m0173"
"Queen Christina","1934","0","1933","99","0","m0175"
"Smarty","1934","0","1934","65","0","m0176"
"Sons of the Desert","1934","0","1933","68","0","m0177"
"Tarzan and His Mate","1934","0","1934","104","0","m0178"
"The Age of Innocence","1934","0","1934","81","0","m0179"
"The Barretts of Wimpole Street","1934","","","","1","m0180"
"The Black Cat","1934","0","1934","65","0","m0181"
"The Cat and the Fiddle","1934","0","1934","88","0","m0182"
"The Gay Divorcee","1934","0","1934","107","1","m0183"
"The House of Rothschild","1934","0","1934","88","1","m0184"
"The Lost Patrol","1934","0","1934","73","0","m0185"
"The Merry Widow","1934","0","1934","99","0","m0186"
"The Scarlet Empress","1934","0","1934","104","0","m0187"
"The Thin Man","1934","0","1934","91","1","m0188"
"Twentieth Century","1934","0","1934","91","0","m0189"
"Viva Villa","1934","0","1934","115","1","m0190"
"A Midsummer Night’s Dream","1935","0","1935","133","1","m0191"
"A Night at the Opera","1935","0","1935","96","0","m0192"
"Alice Adams","1935","0","1935","99","1","m0193"
"Anna Karenina","1935","0","1935","95","0","m0194"
"Bride of Frankenstein","1935","0","1935","75","0","m0195"
"Broadway Melody of 1936","1935","0","1935","101","1","m0196"
"Camille","1935","","","","0","m0197"
"Captain Blood","1935","0","1935","119","1","m0198"
"Charlie Chan in Egypt","1935","0","1935","73","0","m0199"
"Charlie Chan in Paris","1935","0","1935","72","0","m0200"
"Charlie Chan in Shanghai","1935","0","1935","71","0","m0201"
"Charlie Chan’s Secret","1935","","","","0","m0202"
"Dangerous","1935","0","1935","79","0","m0203"
"David Copperfield","1935","0","1935","130","1","m0205"
"Gold Diggers of 1935","1935","0","1935","95","0","m0206"
"Hands Across the Table","1935","0","1935","80","0","m0207"
"Lives of a Bengal Lancer","1935","0","1935","109","1","m0208"
"Mad Love","1935","0","1935","68","0","m0209"
"Mark of the Vampire","1935","0","1935","60","0","m0210"
"Mutiny on the Bounty","1935","0","1935","132","2","m0211"
"Naughty Marietta","1935","0","1935","105","1","m0212"
"Our Daily Bread","1935","0","1934","80","0","m0213"
"Page Miss Glory","1935","0","1935","93","0","m0214"
"Roberta","1935","0","1935","106","0","m0215"
"Ruggles of Red Gap","1935","0","1935","90","1","m0216"
"The Black Room","1935","0","1935","68","0","m0217"
"The Case of the Curious Bride","1935","0","1935","80","0","m0218"
"The Informer","1935","0","1935","91","1","m0219"
"The Little Colonel","1935","0","1935","81","0","m0220"
"The Littlest Rebel","1935","0","1935","73","0","m0221"
"The Man Who Knew Too Much","1935","0","1934","75","0","m0222"
"The Raven","1935","0","1935","61","0","m0225"
"The Scarlet Pimpernel","1935","0","1934","97","0","m0226"
"The Whole Town’s Talking","1935","0","1935","93","0","m0227"
"Top Hat","1935","0","1935","101","1","m0228"
"Way Down East","1935","0","1935","80","0","m0229"
"A Tale of Two Cities","1936","0","1935","128","1","m0230"
"Anthony Adverse","1936","0","1936","141","1","m0231"
"As You Like It","1936","0","1936","96","0","m0232"
"Charlie Chan at the Opera","1936","0","1936","68","0","m0233"
"Charlie Chan at the Race Track","1936","0","1936","70","0","m0234"
"Craig’s Wife","1936","0","1936","73","0","m0235"
"Dimples","1936","0","1936","79","0","m0236"
"Dracula’s Daughter","1936","0","1936","71","0","m0237"
"Ecstasy","1936","","","","0","m0238"
"Fury","1936","0","1936","92","0","m0239"
"Gold Diggers of 1937","1936","0","1936","101","0","m0240"
"Green Pastures","1936","0","1936","93","0","m0241"
"Libeled Lady","1936","0","1936","98","1","m0242"
"Love Before Breakfast","1936","0","1936","70","0","m0244"
"Modern Times","1936","0","1936","87","0","m0245"
"Mr. Deeds Goes to Town","1936","0","1936","115","1","m0246"
"My Man Godfrey","1936","0","1936","94","0","m0247"
"Romeo and Juliet","1936","0","1936","125","1","m0248"
"San Francisco","1936","0","1936","115","1","m0249"
"Show Boat","1936","0","1936","113","0","m0250"
"Swing Time","1936","0","1936","103","0","m0253"
"The Ex-Mrs. Bradford","1936","0","1936","82","0","m0255"
"The Ghost Goes West","1936","0","1935","95","0","m0256"
"The Great Ziegfeld","1936","0","1936","176","2","m0257"
"The Invisible Ray","1936","0","1936","80","0","m0258"
"The Petrified Forest","1936","0","1936","82","0","m0259"
"The Story of Louis Pasteur","1936","0","1936","86","1","m0260"
"Theodora Goes Wild","1936","0","1936","94","0","m0261"
"Things to Come","1936","0","1936","100","0","m0262"
"Three Smart Girls","1936","0","1936","84","1","m0263"
"Wife vs. Secretary","1936","0","1936","88","0","m0264"
"A Day at the Races","1937","0","1937","111","0","m0265"
"A Star Is Born","1937","0","1937","111","1","m0266"
"Camille","1937","0","1936","109","0","m0267"
"Captains Courageous","1937","0","1937","117","1","m0268"
"Charlie Chan at the Olympics","1937","0","1937","71","0","m0269"
"Charlie Chan on Broadway","1937","0","1937","68","0","m0270"
"Daughter of Shanghai","1937","0","1937","62","0","m0271"
"Dead End","1937","0","1937","93","1","m0272"
"Doctor Syn","1937","0","1937","78","0","m0273"
"Fire over England","1937","0","1937","92","0","m0274"
"History Is Made at Night","1937","0","1937","97","0","m0275"
"It’s Love I’m After","1937","0","1937","90","0","m0277"
"Lost Horizon","1937","0","1937","132","1","m0278"
"Make Way for Tomorrow","1937","0","1937","91","0","m0279"
"Night Must Fall","1937","0","1937","116","0","m0280"
"Nothing Sacred","1937","0","1937","77","0","m0281"
"Saratoga","1937","0","1937","92","0","m0282"
"Shall We Dance","1937","0","1937","109","0","m0283"
"Snow White and the Seven Dwarfs","1937","0","1937","83","0","m0284"
"Stage Door","1937","0","1937","92","1","m0285"
"Stand-In","1937","0","1937","91","0","m0286"
"Stella Dallas","1937","0","1937","106","0","m0287"
"Swing High, Swing Low","1937","0","1937","92","0","m0288"
"The Awful Truth","1937","0","1937","90","1","m0289"
"The Good Earth","1937","0","1937","138","1","m0290"
"The Last Gangster","1937","0","1937","81","0","m0291"
"The Life of Emile Zola","1937","0","1937","116","2","m0292"
"The Plough and the Stars","1937","0","1936","72","0","m0293"
"Topper","1937","0","1937","97","0","m0294"
"True Confession","1937","0","1937","85","0","m0295"
"Way Out West","1937","0","1937","65","0","m0296"
"Wee Willie Winkie","1937","0","1937","100","0","m0297"
"A Christmas Carol","1938","0","1938","69","0","m0298"
"Alexander’s Ragtime Band","1938","0","1938","106","1","m0299"
"Algiers","1938","0","1938","96","0","m0300"
"Angels with Dirty Faces","1938","0","1938","97","0","m0301"
"Boys Town","1938","0","1938","96","1","m0302"
"Bringing Up Baby","1938","0","1938","102","0","m0303"
"Carefree","1938","0","1938","83","0","m0304"
"Dybbuk","1938","0","1937","108","0","m0305"
"Grand Illusion","1938","","","","1","m0308"
"Holiday","1938","0","1938","95","0","m0309"
"Jezebel","1938","0","1938","104","1","m0310"
"Love Finds Andy Hardy","1938","0","1938","91","0","m0311"
"Pagliacci","1938","","","","0","m0312"
"Pygmalion","1938","0","1938","96","1","m0313"
"Test Pilot","1938","0","1938","119","1","m0315"
"The Adventures of Robin Hood","1938","0","1938","102","1","m0316"
"The Adventures of Tom Sawyer","1938","0","1938","91","0","m0317"
"The Citadel","1938","0","1938","110","1","m0318"
"The Mad Miss Manton","1938","0","1938","80","0","m0319"
"Under Western Stars","1938","0","1938","65","0","m0320"
"You Can’t Take It with You","1938","0","1938","126","2","m0321"
"Alexander Nevsky","1939","0","1938","112","0","m0322"
"Bachelor Mother","1939","0","1939","82","0","m0324"
"Charlie Chan at Treasure Island","1939","0","1939","74","0","m0325"
"Charlie Chan in City of Darkness","1939","","","","0","m0326"
"Charlie Chan in Honolulu","1939","0","1938","67","0","m0327"
"Charlie Chan in Reno","1939","0","1939","71","0","m0328"
"Dark Victory","1939","0","1939","104","1","m0329"
"Drums Along the Mohawk","1939","0","1939","104","0","m0331"
"Five Came Back","1939","0","1939","75","0","m0332"
"Golden Boy","1939","0","1939","99","0","m0333"
"Gone with the Wind","1939","0","1939","238","2","m0334"
"Goodbye, Mr. Chips","1939","0","1939","114","1","m0336"
"Gulliver’s Travels","1939","0","1939","76","0","m0337"
"Gunga Din","1939","0","1939","117","0","m0338"
"Idiot’s Delight","1939","0","1939","107","0","m0339"
"In Name Only","1939","0","1939","94","0","m0340"
"It’s a Wonderful World","1939","0","1939","86","0","m0341"
"Jamaica Inn","1939","0","1939","108","0","m0342"
"Love Affair","1939","0","1939","88","1","m0343"
"Made for Each Other","1939","0","1939","92","0","m0344"
"Midnight","1939","0","1939","94","0","m0345"
"Mr. Smith Goes to Washington","1939","0","1939","129","1","m0346"
"Ninotchka","1939","0","1939","110","1","m0347"
"Of Mice and Men","1939","0","1939","106","1","m0348"
"Only Angels Have Wings","1939","0","1939","121","0","m0349"
"Raffles","1939","0","1939","72","0","m0350"
"Son of Frankenstein","1939","0","1939","99","0","m0351"
"Stagecoach","1939","0","1939","96","1","m0352"
"The Adventures of Sherlock Holmes","1939","0","1939","85","0","m0355"
"The Flying Deuces","1939","0","1939","69","0","m0356"
"The Hound of the Baskervilles","1939","0","1939","80","0","m0357"
"The Lady Vanishes","1939","0","1938","96","0","m0358"
"The Little Princess","1939","0","1939","93","0","m0359"
"The Roaring Twenties","1939","0","1939","106","0","m0360"
"The Wizard of Oz","1939","0","1939","102","1","m0362"
"They Made Me a Criminal","1939","0","1939","92","0","m0363"
"Wuthering Heights","1939","0","1939","104","1","m0364"
"Young Mr. Lincoln","1939","0","1939","100","0","m0365"
"Abe Lincoln in Illinois","1940","0","1940","110","0","m0366"
"All This, and Heaven Too","1940","0","1940","141","1","m0367"
"Charlie Chan at the Wax Museum","1940","0","1940","63","0","m0368"
"Charlie Chan in Panama","1940","0","1940","67","0","m0369"
"Charlie Chan’s Murder Cruise","1940","0","1940","76","0","m0370"
"Destry Rides Again","1940","0","1939","95","0","m0372"
"Dr. Cyclops","1940","0","1940","77","0","m0373"
"Foreign Correspondent","1940","0","1940","120","1","m0374"
"His Girl Friday","1940","0","1940","92","0","m0375"
"Kitty Foyle","1940","0","1940","108","1","m0377"
"My Favorite Wife","1940","0","1940","88","0","m0379"
"Northwest Passage","1940","0","1940","126","0","m0380"
"Our Town","1940","0","1940","90","1","m0381"
"Pinocchio","1940","0","1940","88","0","m0382"
"Pride and Prejudice","1940","0","1940","118","0","m0383"
"Rebecca","1940","0","1940","130","2","m0384"
"Remember the Night","1940","0","1940","94","0","m0385"
"The Baker’s Wife","1940","0","1938","133","0","m0386"
"The Bank Dick","1940","0","1940","72","0","m0387"
"The Blue Bird","1940","0","1940","88","0","m0388"
"The Grapes of Wrath","1940","0","1940","129","1","m0389"
"The Great Dictator","1940","0","1940","125","1","m0390"
"The Great McGinty","1940","0","1940","82","0","m0391"
"The Invisible Man Returns","1940","0","1940","81","0","m0392"
"The Letter","1940","0","1940","95","1","m0393"
"The Long Voyage Home","1940","0","1940","105","1","m0395"
"The Mark of Zorro","1940","0","1940","94","0","m0396"
"The Mortal Storm","1940","0","1940","100","0","m0397"
"The Philadelphia Story","1940","0","1940","112","1","m0398"
"The Sea Hawk","1940","0","1940","127","0","m0399"
"The Shop Around the Corner","1940","0","1940","99","0","m0400"
"The Thief of Bagdad","1940","0","1940","106","0","m0401"
"They Drive by Night","1940","0","1940","95","0","m0402"
"They Knew What They Wanted","1940","0","1940","96","0","m0403"
"Third Finger Left Hand","1940","0","1940","96","0","m0404"
"Too Many Husbands","1940","0","1940","81","0","m0405"
"Ball of Fire","1941","0","1941","111","0","m0408"
"Blossoms in the Dust","1941","0","1941","99","1","m0409"
"Citizen Kane","1941","0","1941","119","1","m0410"
"Come Live with Me","1941","0","1941","86","0","m0411"
"Dumbo","1941","0","1941","64","0","m0412"
"Fantasia","1941","0","1940","125","0","m0413"
"Here Comes Mr. Jordan","1941","0","1941","94","1","m0415"
"High Sierra","1941","0","1941","100","0","m0416"
"Hold Back the Dawn","1941","0","1941","116","1","m0417"
"How Green Was My Valley","1941","0","1941","118","2","m0418"
"I Wanted Wings","1941","0","1941","135","0","m0419"
"I’ll Wait for You","1941","0","1941","73","0","m0420"
"Meet John Doe","1941","0","1941","122","0","m0421"
"Mr. and Mrs. Smith","1941","","","","0","m0423"
"One Foot in Heaven","1941","0","1941","108","1","m0424"
"Penny Serenade","1941","0","1941","119","0","m0425"
"Road to Zanzibar","1941","0","1941","91","0","m0427"
"Sergeant York","1941","0","1941","134","1","m0428"
"Suspicion","1941","0","1941","99","1","m0429"
"That Hamilton Woman","1941","0","1941","128","0","m0430"
"The Devil and Miss Jones","1941","0","1941","92","0","m0431"
"The Lady Eve","1941","0","1941","94","0","m0432"
"The Little Foxes","1941","0","1941","116","1","m0433"
"The Maltese Falcon","1941","0","1941","100","1","m0434"
"The Reluctant Dragon","1941","0","1941","74","0","m0435"
"The Sea Wolf","1941","0","1941","100","0","m0436"
"The Strawberry Blonde","1941","0","1941","99","0","m0437"
"They Died with Their Boots On","1941","0","1941","140","0","m0438"
"Two-Faced Woman","1941","0","1941","90","0","m0439"
"All Through the Night","1942","0","1942","107","0","m0441"
"Bambi","1942","0","1942","70","0","m0442"
"Desperate Journey","1942","0","1942","107","0","m0443"
"Hellzapoppin","1942","0","1941","84","0","m0444"
"Holiday Inn","1942","0","1942","100","0","m0445"
"I Married a Witch","1942","0","1942","77","0","m0446"
"In This Our Life","1942","0","1942","97","0","m0447"
"Jungle Book","1942","0","1942","108","0","m0448"
"Kings Row","1942","0","1942","127","1","m0449"
"Moscow Strikes Back","1942","0","1942","55","0","m0450"
"Mr. Bug Goes to Town","1942","0","1941","78","0","m0451"
"Mrs. Miniver","1942","0","1942","134","2","m0452"
"My Favorite Blonde","1942","0","1942","78","0","m0453"
"Now, Voyager","1942","0","1942","117","0","m0455"
"Once upon a Honeymoon","1942","0","1942","117","0","m0456"
"One of Our Aircraft Is Missing","1942","0","1942","102","0","m0457"
"Random Harvest","1942","0","1942","126","1","m0458"
"Road to Morocco","1942","0","1942","82","0","m0459"
"Saboteur","1942","0","1942","109","0","m0460"
"Sherlock Holmes and the Secret Weapon","1942","0","1942","68","0","m0461"
"Sullivan’s Travels","1942","0","1941","90","0","m0462"
"The Black Swan","1942","0","1942","87","0","m0463"
"The Ghost of Frankenstein","1942","0","1942","67","0","m0464"
"The Magnificent Ambersons","1942","0","1942","88","1","m0465"
"The Major and the Minor","1942","0","1942","100","0","m0466"
"The Man Who Came to Dinner","1942","0","1942","112","0","m0467"
"The Palm Beach Story","1942","0","1942","88","0","m0468"
"The Pride of the Yankees","1942","0","1942","128","1","m0469"
"The Talk of the Town","1942","0","1942","118","1","m0470"
"This Gun for Hire","1942","0","1942","81","0","m0471"
"To Be or Not to Be","1942","0","1942","99","0","m0472"
"Woman of the Year","1942","0","1942","114","0","m0473"
"Yankee Doodle Dandy","1942","0","1942","126","1","m0474"
"Bataan","1943","0","1943","114","0","m0475"
"Casablanca","1943","0","1942","102","2","m0477"
"Cat People","1943","0","1942","73","0","m0478"
"Five Graves to Cairo","1943","0","1943","96","0","m0480"
"For Whom the Bell Tolls","1943","0","1943","170","1","m0481"
"Frankenstein Meets the Wolf Man","1943","0","1943","74","0","m0482"
"Heaven Can Wait","1943","0","1943","112","1","m0483"
"Hitler’s Madman","1943","0","1943","84","0","m0484"
"In Which We Serve","1943","0","1942","114","1","m0485"
"Lady of Burlesque","1943","0","1943","91","0","m0486"
"Lassie Come Home","1943","0","1943","89","0","m0487"
"Madame Curie","1943","0","1943","124","1","m0488"
"Mission to Moscow","1943","0","1943","124","0","m0489"
"My Son, the Hero","1943","0","1943","66","0","m0490"
"Phantom of the Opera","1943","0","1943","92","0","m0491"
"Princess O’Rourke","1943","0","1943","94","0","m0492"
"Sahara","1943","0","1943","97","0","m0493"
"Saludos Amigos","1943","0","1942","42","0","m0494"
"Shadow of a Doubt","1943","0","1943","108","0","m0495"
"Son of Dracula","1943","0","1943","80","0","m0496"
"Stormy Weather","1943","0","1943","78","0","m0497"
"The Adventures of Tartu","1943","0","1943","103","0","m0498"
"The Constant Nymph","1943","0","1943","112","0","m0499"
"The Human Comedy","1943","0","1943","117","1","m0500"
"The More the Merrier","1943","0","1943","104","1","m0501"
"The Ox-Bow Incident","1943","0","1943","75","1","m0502"
"The Song of Bernadette","1943","0","1943","156","1","m0503"
"We’ve Never Been Licked","1943","0","1943","103","0","m0504"
"Arsenic and Old Lace","1944","0","1944","118","0","m0506"
"Double Indemnity","1944","0","1944","107","1","m0507"
"Gaslight","1944","0","1944","114","1","m0508"
"Going My Way","1944","0","1944","126","2","m0509"
"Hail the Conquering Hero","1944","0","1944","101","0","m0510"
"House of Frankenstein","1944","0","1944","71","0","m0511"
"Jane Eyre","1944","0","1943","97","0","m0512"
"Lifeboat","1944","0","1944","97","0","m0513"
"Meet Me in St. Louis","1944","0","1944","113","0","m0514"
"Mr. Skeffington","1944","0","1944","146","0","m0515"
"Since You Went Away","1944","0","1944","177","1","m0516"
"The Desert Song","1944","0","1943","95","0","m0517"
"The Lodger","1944","0","1944","84","0","m0518"
"The Miracle of Morgan’s Creek","1944","0","1943","98","0","m0519"
"The Princess and the Pirate","1944","0","1944","94","0","m0520"
"Thirty Seconds over Tokyo","1944","0","1944","138","0","m0521"
"Wilson","1944","0","1944","154","1","m0522"
"Anchors Aweigh","1945","0","1945","140","1","m0523"
"And Then There Were None","1945","0","1945","97","0","m0524"
"Brewster’s Millions","1945","0","1945","79","0","m0525"
"Christmas in Connecticut","1945","0","1945","101","0","m0526"
"Fallen Angel","1945","0","1945","98","0","m0528"
"I Accuse My Parents","1945","0","1944","68","0","m0529"
"Leave Her to Heaven","1945","0","1945","110","0","m0531"
"Mildred Pierce","1945","0","1945","111","1","m0533"
"Ministry of Fear","1945","0","1944","86","0","m0534"
"Murder My Sweet","1945","0","1944","95","0","m0535"
"National Velvet","1945","0","1944","123","0","m0536"
"Spellbound","1945","0","1945","111","1","m0537"
"State Fair","1945","0","1945","100","0","m0538"
"The Bells of St. Mary’s","1945","0","1945","126","1","m0539"
"The Body Snatcher","1945","0","1945","77","0","m0540"
"The Bullfighters","1945","0","1945","61","0","m0541"
"The Lost Weekend","1945","0","1945","101","2","m0542"
"The Picture of Dorian Gray","1945","0","1945","110","0","m0543"
"The Three Caballeros","1945","0","1944","71","0","m0544"
"The Woman in the Window","1945","0","1944","107","0","m0545"
"They Were Expendable","1945","0","1945","135","0","m0546"
"To Have and Have Not","1945","0","1944","100","0","m0547"
"Angel on My Shoulder","1946","0","1946","100","0","m0548"
"Blithe Spirit","1946","0","1946","90","0","m0549"
"Brief Encounter","1946","0","1945","86","0","m0550"
"Canyon Passage","1946","0","1946","92","0","m0551"
"Children of Paradise","1946","0","1945","189","0","m0552"
"Cloak and Dagger","1946","0","1946","106","0","m0553"
"Cluny Brown","1946","0","1946","100","0","m0554"
"Dead of Night","1946","0","1945","103","0","m0555"
"Detour","1946","0","1945","68","0","m0556"
"Duel in the Sun","1946","0","1946","129","0","m0557"
"Gilda","1946","0","1946","110","0","m0558"
"Henry V","1946","0","1944","137","1","m0559"
"House of Dracula","1946","0","1945","67","0","m0560"
"I Know Where I’m Going","1946","0","1945","91","0","m0561"
"It’s a Wonderful Life","1946","0","1946","130","1","m0562"
"Make Mine Music","1946","0","1946","75","0","m0563"
"My Darling Clementine","1946","0","1946","97","0","m0564"
"My Reputation","1946","0","1946","94","0","m0565"
"Night and Day","1946","0","1946","128","0","m0566"
"Notorious","1946","0","1946","102","0","m0567"
"Of Human Bondage","1946","0","1946","105","0","m0568"
"Scarlet Street","1946","0","1945","102","0","m0569"
"She Wolf of London","1946","0","1946","61","0","m0570"
"Swing Parade of 1946","1946","0","1946","74","0","m0571"
"The Best Years of Our Lives","1946","0","1946","170","2","m0572"
"The Big Sleep","1946","0","1946","114","0","m0573"
"The Blue Dahlia","1946","0","1946","96","0","m0574"
"The Brute Man","1946","0","1946","58","0","m0575"
"The Harvey Girls","1946","0","1946","102","0","m0576"
"The Killers","1946","0","1946","103","0","m0577"
"The Postman Always Rings Twice","1946","0","1946","113","0","m0579"
"The Razor’s Edge","1946","0","1946","145","1","m0580"
"The Spiral Staircase","1946","0","1946","83","0","m0581"
"The Stranger","1946","0","1946","95","0","m0583"
"The Yearling","1946","0","1946","128","1","m0584"
"To Each His Own","1946","0","1946","122","0","m0585"
"Vacation from Marriage","1946","0","1945","102","0","m0586"
"A Double Life","1947","0","1947","104","0","m0587"
"Angel and the Badman","1947","0","1947","100","0","m0588"
"Black Narcissus","1947","0","1947","101","0","m0590"
"Boomerang!","1947","0","1947","88","0","m0591"
"Brute Force","1947","0","1947","98","0","m0592"
"Crossfire","1947","0","1947","86","1","m0593"
"Dark Passage","1947","0","1947","106","0","m0594"
"Dead Reckoning","1947","0","1947","100","0","m0595"
"Fun and Fancy Free","1947","","","","0","m0596"
"Gentleman’s Agreement","1947","0","1947","118","2","m0597"
"Great Expectations","1947","0","1946","118","1","m0598"
"It Happened on Fifth Avenue","1947","0","1947","116","0","m0599"
"Ivan the Terrible","1947","","","","0","m0600"
"Kiss of Death","1947","0","1947","99","0","m0601"
"Lady in the Lake","1947","0","1946","105","0","m0602"
"Miracle on 34th Street","1947","0","1947","96","1","m0603"
"Monsieur Verdoux","1947","0","1947","124","0","m0604"
"Nightmare Alley","1947","0","1947","110","0","m0605"
"Out of the Past","1947","0","1947","97","0","m0607"
"Sinbad the Sailor","1947","0","1947","116","0","m0609"
"Song of the South","1947","0","1946","94","0","m0610"
"The Bachelor and the Bobby-Soxer","1947","0","1947","95","0","m0611"
"The Bishop’s Wife","1947","0","1947","109","1","m0612"
"The Captive Heart","1947","0","1946","104","0","m0613"
"The Ghost and Mrs. Muir","1947","0","1947","104","0","m0614"
"The Secret Life of Walter Mitty","1947","0","1947","110","0","m0616"
"The Wicked Lady","1947","0","1945","104","0","m0618"
"The Wistful Widow of Wagon Gap","1947","0","1947","78","0","m0619"
"The Years Between","1947","0","1946","88","0","m0620"
"A Foreign Affair","1948","0","1948","116","0","m0621"
"A Song Is Born","1948","0","1948","113","0","m0622"
"Abbott and Costello Meet Frankenstein","1948","0","1948","83","0","m0623"
"Anna Karenina","1948","0","1948","139","0","m0624"
"Beauty and the Beast","1948","0","1946","96","0","m0625"
"Fort Apache","1948","0","1948","128","0","m0626"
"Hamlet","1948","0","1948","154","2","m0627"
"He Walked by Night","1948","0","1948","79","0","m0628"
"I Remember Mama","1948","0","1948","134","0","m0629"
"Johnny Belinda","1948","0","1948","102","1","m0630"
"Julia Misbehaves","1948","0","1948","99","0","m0631"
"Jungle Goddess","1948","0","1948","62","0","m0632"
"Key Largo","1948","0","1948","100","0","m0633"
"Mr. Blandings Builds His Dream House","1948","0","1948","94","0","m0634"
"Mr. Peabody and the Mermaid","1948","0","1948","89","0","m0635"
"One Touch of Venus","1948","0","1948","82","0","m0636"
"Portrait of Jenny","1948","","","","0","m0637"
"Red River","1948","0","1948","133","0","m0638"
"Road House","1948","0","1948","95","0","m0639"
"Rope","1948","0","1948","80","0","m0640"
"That Lady in Ermine","1948","0","1948","89","0","m0641"
"The Barber of Seville","1948","0","1947","90","0","m0642"
"The Lady from Shanghai","1948","0","1947","87","0","m0643"
"The Naked City","1948","0","1948","96","0","m0645"
"The Pearl","1948","0","1947","85","0","m0646"
"The Red Shoes","1948","0","1948","134","1","m0647"
"The Snake Pit","1948","0","1948","108","1","m0649"
"The Three Musketeers","1948","0","1948","125","0","m0650"
"The Treasure of the Sierra Madre","1948","","","","1","m0652"
"The Woman in White","1948","0","1948","109","0","m0653"
"Two Guys from Texas","1948","0","1948","86","0","m0654"
"Unfaithfully Yours","1948","0","1948","105","0","m0655"
"3 Godfathers","1949","0","1948","106","0","m0656"
"A Letter to Three Wives","1949","0","1949","103","1","m0657"
"Act of Violence","1949","0","1949","82","0","m0658"
"All the King’s Men","1949","0","1949","110","2","m0659"
"Battleground","1949","0","1949","118","1","m0660"
"Beyond the Forest","1949","0","1949","97","0","m0661"
"D. O. A.","1949","0","1949","83","0","m0662"
